page,hits,unique_ips,unique_browsers
"/~achernii/maintenance.html",3,1,1
"/~achernii/css/style.css",222,6,4
"/~achernii/queries.html",16,3,3
"/~achernii/query/threads_by_category.html",4,2,2
"/~achernii/img/select-arrow.svg",8,3,2
"/~achernii/api/index.php",42,3,3
"/~achernii/api/queries.php",25,3,3
"/~achernii/query/feedback.html",11,2,2
"/~achernii/query/most_liked_threads.html",9,1,1
"/~achernii/query/reported_posts.html",5,2,2
"/~ntaha/search/category.php",3,1,1
"/favicon.ico",104,37,25
"/~ntaha/search/category_b.php",1,1,1
"/~achernii/",42,6,3
"/~ntaha/search/cb.php",2,1,1
"/~ntaha/search/results/category.php",4,1,1
"/~ntaha/css/style.css",18,3,5
"/~ntaha/img/logo_main.png",18,3,5
"/~ntaha/search/results/cb.php",6,1,1
"/~ntaha/search/details/category.php",1,1,1
"/~ntaha/search/details/event.php",1,1,1
"/",34,13,12
"/~nakbogha/EasySearch_php/search_result.php",10,3,2
"/~nakbogha/style.css",6,4,3
"/~nakbogha/logo_re.png",3,3,3
"/~nakbogha/index.html",2,2,2
"/~nakbogha/EasySearch_php/search_hotel_form.php",6,2,2
"/~nakbogha/EasySearch_php/search_form.php",23,3,3
"/~nakbogha/EasySearch_php/style.css",3,2,2
"/~nakbogha/EasySearch_php/logo_re.png",15,2,2
"/~nakbogha/EasySearch_php/search_detail.php",4,2,2
"/~achernii/img/logo.png",151,6,4
"/~achernii/js/theme.js",136,6,4
"/~achernii/query/entity_description.html",21,1,1
"/~achernii/query/api/index.php",4,1,1
"/~achernii/index.html",27,5,3
"/~achernii/imprint.html",5,3,3
"/~ajalilova/",18,4,4
"/~mpico/",1,1,1
"/~emati/",2,2,2
"/~emati/styles.css",1,1,1
"/~emati/images/logo.png",1,1,1
"/~emati/imprint.html",1,1,1
"/~emati/images/world_simple_jigsaw.JPG",9,1,1
"/~emati/index.html",1,1,1
"/~emati/Index.html",2,1,1
"/~abhave/index.html",1,1,1
"/~iftaiti/index.html",1,1,1
"/~iftaiti/styles.css",1,1,1
"/~iftaiti/images/logo.png",4,1,1
"/~iftaiti/imprint.html",1,1,1
"/~iftaiti/images/world_simple_jigsaw.JPG",2,1,1
"/~iftaiti/Index.html",1,1,1
"/~tnana/imprint.html",1,1,1
"/~ntsignadze/imprint.html",1,1,1
"/~ajalilova",18,5,4
"/~lmoldovan",2,1,1
"/~lmoldovan/The-flask-app/",4,2,2
"/server-info",1,1,1
"/~vmoldovean",1,1,1
"/~vmoldovean/",1,1,1
"/~vmoldovean/style.css",1,1,1
"/~vmoldovean/campus_logo.png",1,1,1
"*",52,1,1
"/~ycao/search_long_term/search_longterm.php",2,1,1
"/~ycao/search_long_term/style.css",2,1,1
"/~ycao/search_long_term/img/logo.jpg",2,1,1
"/~ycao/search_injury_record/results.php",1,1,1
"/~ycao/style.css",12,6,5
"/~ycao/img/logo.jpg",11,6,4
"/~ycao/img/back.jpg",12,7,4
"/~ycao/search_injury_record/index.html",1,1,1
"/~ycao/index.html",13,5,2
"/~mgherasi/index.html",1,1,1
"/~mgherasi/",1,1,1
"/~rbelache",2,1,1
"/~rbelache/",1,1,1
"/~srasool",1,1,1
"/~srasool/",1,1,1
"/~srasool/style.css",1,1,1
"/~srasool/images/sle_logo.png",1,1,1
"/~srasool/Maintenance.php",2,1,1
"/~srasool/Tos.php",1,1,1
"/~srasool/Exam.php",2,1,1
"/~syonuz/",1,1,1
"/~ntaha/",23,3,4
"/~ntaha/search/",14,2,3
"/~ntaha/github/",1,1,1
"/~ymaniar/",1,1,1
"/~hessahli/",1,1,1
"/~hessahli/img/logo.png",38,5,3
"/~hessahli/style.css",6,6,4
"/~hessahli/search_form_1.php",4,3,3
"/~hessahli/search_result_1.php",4,1,1
"/~ycao/search.html",12,4,2
"/~ycao/s_1.html",3,2,2
"/~ycao/r_1.html",1,1,1
"/~ycao/sd_1.html",1,1,1
"/~ycao/",5,4,3
"/~ycao/athlete/new.php",1,1,1
"/~ycao/a_Users.php",3,3,2
"/~ycao/r_Users.php",8,2,2
"/~hessahli/search_form_3.php",1,1,1
"/~hessahli/search_result_3.php",1,1,1
"/~kkonark/",2,2,2
"/~kkonark/HW6/index.html",2,2,2
"/~kkonark/HW6/site_style.css",3,2,2
"/~kkonark/HW4/img/UACS_logo.png",3,3,3
"/~kkonark/HW6/search_user.html",1,1,1
"/~kkonark/HW6/search_user.php",2,1,1
"/~kkonark/portal_style.css",2,2,2
"/~idzneladze/",9,1,1
"/~idzneladze/css/style.css",1,1,1
"/~idzneladze/javascript/script.js",33,1,1
"/~idzneladze/image/whitelogo.png",2,1,1
"/~idzneladze/searches.html",5,1,1
"/~idzneladze/css/main.css",29,1,1
"/~idzneladze/searches/cheapwines_search.php",3,1,1
"/~idzneladze/searches/cheapwines_list.php",2,1,1
"/~idzneladze/searches/cheapwines_detail.php",5,1,1
"/~idzneladze/searches/revenue_search.php",6,1,1
"/~idzneladze/searches/revenue_list.php",5,1,1
"/~idzneladze/searches/revenue_detail.php",3,1,1
"/~idzneladze/searches/winemaker_search.php",1,1,1
"/~idzneladze/css/winemaker.css",1,1,1
"/~idzneladze/searches/winemaker_list.php",3,1,1
"/~idzneladze/searches/winemaker_detail.php",2,1,1
"/~idzneladze/index.html",13,1,1
"/~idzneladze/imprint.html",3,1,1
"/~idzneladze/main.html",5,1,1
"/~idzneladze/forms/change_payment_type.php",11,1,1
"/login.php",20,2,2
"/~idzneladze/forms/change_winemaker.php",1,1,1
"/~idzneladze/forms/login.php",2,1,1
"/~idzneladze/login.php",44,1,1
"/main.html",2,1,1
"/WineWarehousePlus/create_admin.php",1,1,1
"/idzneladze/create_admin.php",1,1,1
"/idzneladze",1,1,1
"/~idzneladze/create_admin.php",22,1,1
"/~idzneladze",3,1,1
"/~idzneladze/maintenance.php",4,1,1
"/~idzneladze/forms/insert_wine.php",5,1,1
"/~idzneladze/logout.php",4,1,1
"/~anmata/lostandfound/index.html",10,4,2
"/~anmata/lostandfound/style.css",4,4,2
"/~anmata/lostandfound/img/lost.jpg",4,4,2
"/~anmata/lostandfound/img/LOGO.png",4,4,2
"/~anmata/lostandfound/maintenance.html",2,2,2
"/~anmata/lostandfound/login.php",63,4,3
"/~anmata/lostandfound/logout.php",4,1,1
"/test.wsgi",1,1,1
"/~ajalilova/test.wsgi",5,1,1
"/~anmata/lostandfound/index.php",6,2,1
"/~anmata/lostandfound/admin_seed.php",2,1,1
"/~anmata/lostandfound/forms/input_admin.html",1,1,1
"/~anmata/lostandfound/forms/input_user.html",1,1,1
"/~idzneladze/searches/wine_search.php",3,1,1
"/~idzneladze/searches/wine_list.php",2,1,1
"/~fribadenei",1,1,1
"/~fribadenei/",29,1,1
"/icons/blank.gif",4,3,3
"/icons/back.gif",4,3,3
"/icons/text.gif",3,2,3
"/icons/unknown.gif",2,2,2
"/icons/folder.gif",4,3,3
"/~fribadenei/flask_test_session.log",3,1,2
"/~abhave",13,2,2
"/~abhave/",361,10,8
"/~abhave/index.php",2,2,2
"/~abhave/api.py/get_langauges_scripts/",1,1,1
"/~abhave/get_langauges_scripts/",1,1,1
"/~abhave/_app/immutable/assets/0.LIoODnsg.css",5,4,2
"/~abhave/_app/immutable/assets/Navbar.n6dySqTj.css",5,4,2
"/~abhave/_app/immutable/assets/2.BOvoc1BX.css",5,4,2
"/~abhave/_app/immutable/entry/start.nnzymdEm.js",3,2,1
"/~abhave/_app/immutable/chunks/kXNxTmU5.js",3,2,1
"/~abhave/_app/immutable/chunks/T8IE4xIB.js",3,2,1
"/~abhave/_app/immutable/chunks/Dzn7DuoZ.js",3,2,1
"/~abhave/_app/immutable/chunks/DIeogL5L.js",5,4,2
"/~abhave/_app/immutable/chunks/CfIJ0JLY.js",3,2,1
"/~abhave/_app/immutable/chunks/BQTkP6g7.js",3,2,1
"/~abhave/_app/immutable/entry/app.C7rWlstT.js",3,2,1
"/~abhave/_app/immutable/chunks/DsnmJJEf.js",5,4,2
"/~abhave/_app/immutable/chunks/69_IOA4Y.js",5,4,2
"/~abhave/_app/immutable/chunks/CfmyUL_b.js",3,2,1
"/~abhave/_app/immutable/chunks/b3FhB_aE.js",3,2,1
"/~abhave/_app/immutable/nodes/0.C6fMoBqI.js",3,2,1
"/~abhave/_app/immutable/nodes/2.DhFkvFmF.js",3,2,1
"/~abhave/_app/immutable/chunks/rhPJ7IMF.js",3,2,1
"/_app/immutable/assets/logo.v-v8bEVS.png",9,2,1
"/~abhave/_app/immutable/nodes/1.D7P3TOlk.js",3,2,1
"/~abhave/api/get_langauges_scripts/",1,1,1
"/~abhave/api.php/get_langauges_scripts/",1,1,1
"/~abhave/api/get_languages_scripts/",2,1,1
"/about",12,2,1
"/management",8,2,1
"/~anmata/lostandfound/search_form.php",4,1,1
"/~anmata/lostandfound/search_results.php",1,1,1
"/~kjurabaeve",3,1,1
"/apple-touch-icon-precomposed.png",9,4,4
"/apple-touch-icon.png",9,4,4
"/~kjurabaev/maintenance.html",11,7,7
"/~kjurabaev/auth-style.css",26,8,7
"/~kjurabaev",2,2,2
"/~kjurabaev/",6,5,4
"/~kjurabaev/style.css",10,8,7
"/~kjurabaev/logo.png",10,8,7
"/~kjurabaev/Kamronbek.jpeg",10,8,7
"/~kjurabaev/Taha.png",10,8,7
"/~kjurabaev/Ahmed.png",10,8,7
"/~kjurabaev/cgi-bin/form_generator.py",18,3,3
"/~rcozmolici/",2,1,1
"/~rcozmolici/style.css",2,2,2
"/~rcozmolici/img/logo.jpg",2,2,2
"/~rcozmolici/ass6/search_player.php",4,1,1
"/~rcozmolici/ass6/player_detail.php",1,1,1
"/~mstaykova/search.php",7,2,2
"/~mstaykova/css/style.css",24,3,3
"/~mstaykova/img/icon-search.png",4,2,2
"/~mstaykova/img/icon-heart.png",1,1,1
"/~mstaykova/img/icon-money.png",2,2,2
"/~mstaykova/img/logo.png",24,3,3
"/~mstaykova/search/search_high_cost.php",2,1,1
"/~mstaykova/search/search_high_cost_results.php",1,1,1
"/~mstaykova/search/top_favourites_form.php",4,2,2
"/~mstaykova/search/top_favourites_result.php",3,2,2
"/~mstaykova/search/search_hypoallergenic.php",5,1,1
"/~mstaykova/search/search_hypoallergenic_results.php",3,1,1
"/~kjurabaev/cgi-bin/process_form.py",3,1,1
"/~mstaykova/index.html",2,2,2
"/~mstaykova/img/icon-settings.png",1,1,1
"/~mstaykova/img/hero-animals.png",3,2,2
"/~hessahli/index.html",17,5,3
"/~kjurabaev/index.html",5,4,4
"/~wasin/",19,4,3
"/~wasin/style.css",33,6,5
"/~wasin/img/logo.jpg",33,6,5
"/~wasin/img/back.jpg",33,6,5
"/~wasin/search.html",5,3,2
"/~wasin/s_3.html",1,1,1
"/~wasin/s_2.html",1,1,1
"/~wasin/sr_2.php",1,1,1
"/~wasin/sd_2.php",1,1,1
"/~wasin/maintenance.html",2,2,2
"/~wasin/s_1.html",1,1,1
"/~wasin/sr_1.php",1,1,1
"/~mgherasim/",2,1,1
"/~mgherasim/databaseassignment7/",3,1,1
"/~mgherasim/databaseassignment7/Frame-by-Frame/",2,1,1
"/~mgherasim/databaseassignment7/Frame-by-Frame/Assignment6/",1,1,1
"/~mgherasim/databaseassignment7/Frame-by-Frame/Assignment6/style.css",1,1,1
"/~mgherasim/databaseassignment7/Frame-by-Frame/Assignment6/img/logo.jpeg",1,1,1
"/~mgherasim/databaseassignment7/Frame-by-Frame/Assignment6/project/maintenance.html",1,1,1
"/~mgherasim/databasesassignment7/",1,1,1
"/~mgherasim/databasesassignment7/Frame-by-Frame/",1,1,1
"/~mgherasim/databasesassignment7/Frame-by-Frame/Assignment6/",1,1,1
"/~mgherasim/databasesassignment7/Frame-by-Frame/Assignment6/style.css",1,1,1
"/~mgherasim/databasesassignment7/Frame-by-Frame/Assignment6/img/logo.jpeg",1,1,1
"/~ntaha/js/main.js",12,3,3
"/~ntaha/img/lion.png",12,3,3
"/~ntaha/img/ces.png",12,3,3
"/~ntaha/img/christmas.png",12,3,3
"/~ntaha/img/newyears.png",12,3,3
"/~ntaha/img/vienna.png",12,3,3
"/~ntaha/img/art.png",12,3,3
"/~ntaha/img/times.png",12,3,3
"/~ntaha/img/edin.png",12,3,3
"/~ntaha/img/macy.png",12,3,3
"/~ntaha/search/event.php",3,2,2
"/~ntaha/search/results/event.php",5,1,1
"/~ntaha/search/event_sold_out.php",2,1,1
"/~ntaha/search/results/event_sold_out.php",2,1,1
"/~ntaha/search/orders.php",3,2,2
"/~ntaha/search/results/orders.php",2,2,2
"/~naliyev/bookreviews_input_site/index.php",10,4,3
"/~naliyev/bookreviews_input_site/style.css",7,6,4
"/~naliyev/bookreviews_input_site/img/logo.png",7,6,4
"/~naliyev/bookreviews_input_site/img/background.jpg",7,6,4
"/~naliyev/bookreviews_input_site/search/books/books_search.php",2,1,1
"/~naliyev/bookreviews_input_site/search/books/books_results.php",2,1,1
"/~naliyev/bookreviews_input_site/search/authors/authors_search.php",1,1,1
"/~naliyev/bookreviews_input_site/search/authors/authors_results.php",1,1,1
"/~naliyev/bookreviews_input_site/search/reviews/reviews_search.php",2,1,1
"/~naliyev/bookreviews_input_site/search/reviews/reviews_results.php",2,1,1
"/~ycao/login.php",142,5,5
"/~ycao/db_auth.php",18,4,3
"/~ycao/maintenance.php",43,6,4
"/~ycao/maintenance.html",7,2,1
"/~ycao/r_Team.php",20,1,2
"/~ycao/a_Team.php",3,1,2
"/~hessahli/Github_link",1,1,1
"/~hessahli/Github",1,1,1
"/~hessahli/Link",1,1,1
"/~hessahli/link",1,1,1
"/~hessahli/github",1,1,1
"/~ycao/sr_3.php",1,1,1
"/~ycao/sr_2.php",1,1,1
"/~ycao/a_Coach.php",1,1,1
"/~ycao/a_Public.php",1,1,1
"/~ycao/sd_1.php",1,1,1
"/~ycao/s_3.html",1,1,1
"/~ycao/1.txt",1,1,1
"/~ycao/sr_1.php",1,1,1
"/~ycao/sd_3.php",1,1,1
"/~ycao/sd_2.php",1,1,1
"/~ycao/imprint.html",1,1,1
"/~ycao/s_2.html",2,1,2
"/~ycao/r_Public.php",5,1,2
"/~ycao/r_Staff.php",4,1,2
"/~ycao/r_InjTyp.php",3,1,2
"/~ycao/r_InjRec.php",2,1,2
"/~ycao/r_MedTeam.php",2,1,2
"/~ycao/logout.php",1,1,1
"/~ycao/r_Athlete.php",2,1,2
"/~ycao/r_Coach.php",2,1,2
"/~ycao/a_MedTeam.php",2,2,2
"/~ycao/img",1,1,1
"/~ycao/db_connect.php",1,1,1
"/~ycao/a_Athlete.php",2,2,2
"/~ycao/a_InjRec.php",4,4,3
"/~ycao/a_Staff.php",2,2,2
"/~ycao/a_InjTyp.php",6,1,2
"/~hessahli/sr_3.php",1,1,1
"/~hessahli/a_Public.php",1,1,1
"/~hessahli/sr_2.php",1,1,1
"/~hessahli/sd_1.php",1,1,1
"/~hessahli/1.txt",1,1,1
"/~hessahli/a_Coach.php",1,1,1
"/~hessahli/sr_1.php",1,1,1
"/~hessahli/s_3.html",1,1,1
"/~hessahli/search.html",1,1,1
"/~hessahli/sd_2.php",1,1,1
"/~hessahli/sd_3.php",1,1,1
"/~hessahli/imprint.html",2,2,2
"/~hessahli/s_1.html",1,1,1
"/~hessahli/s_2.html",1,1,1
"/~hessahli/r_Users.php",1,1,1
"/~hessahli/r_Staff.php",1,1,1
"/~hessahli/r_Team.php",1,1,1
"/~hessahli/r_Public.php",1,1,1
"/~hessahli/r_InjTyp.php",1,1,1
"/~hessahli/r_MedTeam.php",1,1,1
"/~hessahli/r_InjRec.php",1,1,1
"/~hessahli/r_Athlete.php",1,1,1
"/~hessahli/maintenance.php",8,4,3
"/~hessahli/login.php",13,4,3
"/~hessahli/logout.php",2,2,2
"/~hessahli/r_Coach.php",1,1,1
"/~hessahli/a_MedTeam.php",1,1,1
"/~hessahli/db_connect.php",1,1,1
"/~hessahli/img",1,1,1
"/~hessahli/db_auth.php",1,1,1
"/~hessahli/a_Users.php",1,1,1
"/~hessahli/a_Team.php",1,1,1
"/~hessahli/a_Staff.php",1,1,1
"/~hessahli/a_Athlete.php",1,1,1
"/~hessahli/a_InjRec.php",1,1,1
"/~hessahli/a_InjTyp.php",1,1,1
"/~ycao/team/new.php",1,1,1
"/~ycao/tr_Team.php",1,1,1
"/~ntaha",1,1,1
"/~ntaha/maintenance/",32,2,2
"/~ntaha/login/",49,2,2
"/~ntaha/input/user.php",7,2,2
"/~ntaha/utils/logout.php",7,1,1
"/~ntaha/maintenance",2,2,2
"/~ntaha/maintenance/index.php",3,1,1
"/~ntaha/input/venue.php",2,1,1
"/~ntaha/imprint",1,1,1
"/~ntaha/imprint/",1,1,1
"/~ntaha/search/details/orders.php",1,1,1
"/~ycao/add_first_admin.php",2,2,1
"/~ycao/search_injury_search",1,1,1
"/~ycao/search_injury_search.html",5,1,1
"/~ycao/search_injury_record_search.html",1,1,1
"/~ycao/search_injury_record_search.php",1,1,1
"/~ycao/search_injury_record_result.php",7,1,1
"/~ycao/search_injury_record_detail.php",3,1,1
"/~ycao/a_medTeam.php",1,1,1
"/~ycao/index.php",1,1,1
"/~azinovev/",1,1,1
"/~azinovev/css/style.css",9,1,1
"/~azinovev/img/fittrack-pro-logo.svg",9,1,1
"/~azinovev/maintenance.html",26,1,1
"/~azinovev/forms/search_hub.html",2,1,1
"/~azinovev/index.html",3,1,1
"/~azinovev/login",4,1,1
"/~azinovev/login.py",16,1,1
"/~azinovev/login.html",16,1,1
"/~azinovev/forms/add_gym.html",1,1,1
"/~abhave/about",2,1,1
"/~abhave/_app/immutable/nodes/3.C7q6-hXC.js",2,1,1
"/~abhave/_app/immutable/assets/3.Di8eh41-.css",2,1,1
"/~abhave/..lib/images/world_simple_jigsaw.JPG",4,3,2
"/~abhavef",1,1,1
"/~kkonark/HW5/login.php",7,4,2
"/~abhave/_app/immutable/entry/start.BSnaY571.js",3,1,1
"/~abhave/_app/immutable/chunks/Dv3PNQEJ.js",3,1,1
"/~abhave/_app/immutable/entry/app.9XLaF8PU.js",3,1,1
"/~abhave/_app/immutable/nodes/1.CyjCRPRO.js",3,1,1
"/~abhave/_app/immutable/assets/logo.v-v8bEVS.png",5,3,2
"/~abhave/api/authenticate_users",7,1,1
"/~abhave/api/",11,1,1
"/~abhave/api",2,1,1
"/~azinovev/test_login.py",1,1,1
"/~azinovev/check_session.py",2,1,1
"/~azinovev/forms/add_user.html",1,1,1
"/~azinovev/add_user.py",1,1,1
"/~abhave/index.php/api/authenticate_users",3,1,1
"/~naliyev/bookreviews_input_site/maintenance.php",24,4,3
"/~naliyev/bookreviews_input_site/pickers/picker.php",11,2,2
"/~abhave/test.php",1,1,1
"/~abhave/api/authenticate_users/",1,1,1
"/~nakbogha/security-II/make_hash.php",1,1,1
"/~nakbogha/admin/login.php",34,5,2
"/~nakbogha/admin/make_hash.php",1,1,1
"/~wasin/login.php",37,5,5
"/~wasin/db_auth.php",10,3,3
"/~wasin/add.php",1,1,1
"/~wasin/maintenance.php",26,4,4
"/~nakbogha/admin/index.html",16,4,2
"/~wasin/index.html",7,4,4
"/~wasin/a_Users.php",1,1,1
"/~nakbogha/admin/tayyar/index.html",1,1,1
"/~nakbogha/admin/tayyar/admin-staff.css",1,1,1
"/~nakbogha/EasySearch_php/search_bookings_form.php",3,1,1
"/~nakbogha/EasySearch_php/search_bookings_results.php",3,1,1
"/~nakbogha/EasySearch_php/search_customers_form.php",6,1,1
"/~nakbogha/EasySearch_php/search_customers_results.php",3,1,1
"/~mstaykova/",1,1,1
"/~mstaykova/img/icon-preference.png",7,2,2
"/~mstaykova/img/icon-favourite.png",8,2,2
"/~mstaykova/maintenance.php",12,2,2
"/~mstaykova/login.php",19,2,2
"/~mstaykova/img/icon-user.png",18,2,2
"/~mstaykova/check_login.php",10,2,2
"/~mstaykova/img/icon-animal.png",5,2,2
"/~mstaykova/img/icon-dog.png",5,2,2
"/~mstaykova/img/icon-cat.png",5,2,2
"/~mstaykova/img/icon-fulfill.png",5,2,2
"/~mstaykova/img/icon-link-sets.png",5,2,2
"/~mstaykova/logout.php",3,1,1
"/~nakbogha/EasySearch_php/customer_detail.php",2,1,1
"/~mznaien/",44,2,2
"/~mznaien/style.css",28,3,2
"/~mznaien/img/logo.png",18,2,1
"/img/hero-image.svg",38,2,2
"/~mznaien/img/healthy-shopping.png",19,2,2
"/~mznaien/img/scan-icon.png",17,2,1
"/~mznaien/img/nutrition-icon.png",17,2,1
"/~mznaien/img/alternative-icon.png",17,2,1
"/~mznaien",2,2,1
"/scanner.html",9,1,1
"/~mznaien/maintenance.php",28,3,2
"/style.css",40,3,2
"/~mznaien/index.html",20,2,1
"/~mznaien/index.php",5,1,1
"/~mznaien/scanner.php",1,1,1
"/~mznaien/scanner.html",5,2,1
"/~mznaien/nutrition_extractor.js",5,2,1
"/~mznaien/login.html",1,1,1
"/~mznaien/login.php",60,3,2
"/index.html",4,1,1
"/index.php",6,2,2
"/~naliyev/bookreviews_input_site/login.html",8,3,2
"/~naliyev/bookreviews_input_site/login.php",15,3,2
"/~naliyev/bookreviews_input_site",8,4,2
"/~naliyev/bookreviews_input_site/",9,4,2
"/~mznaien/imprint.html",2,2,1
"/brands/add",4,2,1
"/~nakbogha/admin/logout.php",3,2,1
"/~naliyev/bookreviews_input_site/debug_login.php",1,1,1
"/~username",3,3,3
"/~naliyev/bookreviews_input_site/signin.php",9,3,2
"/~naliyev/bookreviews_input_site/imprint.php",7,2,1
"/~naliyev/bookreviews_input_site/index.html",2,1,1
"/~kyuin/",1,1,1
"/~kchoi/",6,2,2
"/~kchoi/style.css",9,3,4
"/~kchoi/img/logo.jpg",35,3,4
"/~kchoi/img/back.jpg",35,3,4
"/~wasin",3,2,1
"/~mtomuyev",1,1,1
"/~mtomuyev/",2,2,2
"/~mtomuyev/style.css",2,2,2
"/~mtomuyev/logo.jpeg",2,2,2
"/~mtomuyev/index.html",1,1,1
"/~mtomuyev/imprint.html",1,1,1
"/~mtomuyev/img/logo.svg",3,1,1
"/~kjurabaev/queries.html",3,3,3
"/~kjurabaev/cgi-bin/query_form_generator.py",17,3,3
"/~kchoi",2,1,2
"/~kchoi/add_first_admin.php",2,1,1
"/~kchoi/public_html",1,1,1
"/~kchoi/a_Coach.php",1,1,1
"/~kchoi/login.php",20,3,3
"/~kchoi/index.html",3,1,1
"/~kchoi/search.html",2,1,1
"/~kchoi/maintenance.php",11,3,4
"/~mznaien/login",5,1,1
"/~kchoi/s_1.html",1,1,1
"/~kchoi/a_Athlete.php",2,2,1
"/~wasin/a_MedTeam.php",1,1,1
"/~ycao",1,1,1
"/~ycao/maintenance",1,1,1
"/~wasin/a_Public.php",2,1,1
"/~kchoi/r_Users.php",1,1,1
"/~kchoi/r_Athlete.php",1,1,1
"/~wasin/r_InjTyp.php",1,1,1
"/~wasin/a_InjTyp.php",1,1,1
"/~wasin/r_Public.php",1,1,1
"/~kchoi/a_public.php",1,1,1
"/~kchoi/a_Public.php",2,1,1
"/~kchoi/r_Public.php",2,1,1
"/~wasin/a_Athlete.php",1,1,1
"/~hessahli/admin_seed.php",3,1,1
"/login.html",2,1,1
"/mznaien",1,1,1
"/scanner.php",1,1,1
"/~hessahli/backend/insert_contact.php",1,1,1
"/~hessahli/search_form_2.php",1,1,1
"/~hessahli/search_result_2.php",1,1,1
"/~hessahli/input_user.html",2,2,1
"/~rcozmolici/ass5/create_admin.php",2,1,1
"/~rcozmolici/ass5/maintenance.php",9,2,2
"/~rcozmolici/ass5/login.php",4,1,1
"/~rcozmolici/ass5/add_team.php",6,1,1
"/~rcozmolici/ass5/logout.php",2,1,1
"/~rcozmolici/ass5/maintenance.html",1,1,1
"/~rcozmolici/ass5/link_player_team.php",1,1,1
"/~mznaien/logout.php",6,3,2
"/~ycao/access_log.txt",2,1,2
"/~ycao/error_log.txt",2,1,2
"/~eyavuz",1,1,1
"/~eyavuz/",7,3,1
"/~eyavuz/app.css",2,2,1
"/~eyavuz/api/upcomingmatches.php",38,3,1
"/~achernii/signin.html",18,3,2
"/js/theme.js",31,5,3
"/~achernii/api/auth.php",4,1,1
"/~achernii/maintenance.php",98,5,4
"/~eyavuz/team.html",7,3,1
"/~eyavuz/api/team.php",28,3,1
"/~eyavuz/admin/login.php",27,1,1
"/app.css",21,1,1
"/signin.html",3,1,1
"/~eyavuz/_make_hash",1,1,1
"/~abhave/_app/immutable/entry/start.BkexP7dz.js",2,2,2
"/~abhave/_app/immutable/chunks/B48Bqp7G.js",2,2,2
"/~abhave/_app/immutable/chunks/Cavd1dVb.js",2,2,2
"/~abhave/_app/immutable/chunks/uAJIio1x.js",2,2,2
"/~abhave/_app/immutable/chunks/D6HNWT8u.js",2,2,2
"/~abhave/_app/immutable/entry/app.Ba5UEMDi.js",2,2,2
"/~abhave/_app/immutable/chunks/B5HnN_PL.js",2,2,2
"/~abhave/_app/immutable/chunks/IvdbfGf4.js",2,2,2
"/~abhave/_app/immutable/chunks/DpmEdNsQ.js",2,2,2
"/~abhave/_app/immutable/chunks/BA14ZZkP.js",2,2,2
"/~abhave/_app/immutable/chunks/DfmPHIVq.js",2,2,2
"/~abhave/_app/immutable/nodes/0.MKyKhtKS.js",2,2,2
"/~abhave/_app/immutable/chunks/Cw9BKSBn.js",2,2,2
"/~abhave/_app/immutable/nodes/2.CGSmloI0.js",2,2,2
"/~abhave/_app/immutable/chunks/ByN_BGIt.js",2,2,2
"/~abhave/_app/immutable/chunks/Ms-OC9zy.js",2,2,2
"/~abhave/_app/immutable/chunks/BylRoXaz.js",2,2,2
"/~abhave/_app/immutable/nodes/1.C2D4D6uf.js",2,2,2
"/~abhave/_app/immutable/assets/3.D98BPSm9.css",2,2,2
"/~abhave/_app/immutable/nodes/3.DBGmMRvg.js",2,2,2
"/~abhave/_app/immutable/chunks/BUjE_o8E.js",2,2,2
"/~abhave/_app/immutable/nodes/4.2lLvERwT.js",2,2,2
"/~abhave/_app/immutable/chunks/DH6qaq89.js",2,2,2
"/~abhave/_app/immutable/assets/4.DNH78J0c.css",2,2,2
"/~abhave/_app/immutable/assets/16.Db3T26lL.css",2,2,2
"/~abhave/_app/immutable/nodes/16.Ct9jhFiv.js",2,2,2
"/~abhave/_app/immutable/nodes/15.BYpfGcPI.js",1,1,1
"/~abhave/_app/immutable/assets/15.i1l7M1vL.css",1,1,1
"/~abhave/_app/immutable/assets/10.dxLZxAGQ.css",1,1,1
"/~abhave/_app/immutable/nodes/10.DQAI6VtU.js",1,1,1
"/~abhave/_app/immutable/assets/14.CTTs8b3V.css",1,1,1
"/~abhave/_app/immutable/chunks/iwwHENQb.js",1,1,1
"/~abhave/_app/immutable/nodes/14.Dd8k3Dq1.js",1,1,1
"/~abhave/_app/immutable/nodes/11.B88ylTlw.js",1,1,1
"/~abhave/_app/immutable/assets/11.ChfPDifA.css",1,1,1
"/~abhave/_app/immutable/assets/12.gM0XQTyV.css",1,1,1
"/~abhave/_app/immutable/nodes/12._mL7NwJ9.js",1,1,1
"/~abhave/_app/immutable/assets/13.BpoTRLeW.css",1,1,1
"/~abhave/_app/immutable/nodes/13.Dt3IMtQN.js",1,1,1
"/~abhave/_app/immutable/nodes/23.D612jznD.js",1,1,1
"/~abhave/_app/immutable/assets/23.dVYMTMX7.css",1,1,1
"/~achernii/api/signin.php",559,5,4
"/admin/dashboard.php",4,1,1
"/~achernii/add/moderator.html",1,1,1
"/~achernii/add/category.php",1,1,1
"/~eyavuz/admin/dashboard.php",3,1,1
"/~rcozmolici/ass8/weblog_eval.php",2,1,1
"/~AMaghri/",1,1,1
"/~amaghri/",1,1,1
"/~aabasimel/",1,1,1
"/~kjurabaev/start.html",2,2,1
"/~kjurabaev/login.html",2,2,1
"/~kjurabaev/cgi-bin/run_query.py",13,2,2
"/~ycao/Github_link",1,1,1
"/~ycao/Github_link/",1,1,1
"/~rbelachew/index.php",23,2,3
"/~rbelachew/gallery.html",2,1,1
"/~eblascu/index.php",1,1,1
"/~ycao/web_search.php",3,1,1
"/~ycao/add.php",2,2,2
"/~ycao/minus.php",23,3,3
"/~ycao/kchoi_error_log.txt",2,1,2
"/~ycao/kchoi_access_log.txt",2,1,2
"/~achernii/public_html",1,1,1
"/~achernii/index.php",82,2,3
"/~achernii/test.php",1,1,1
"/css/style.css",1,1,1
"/js/auth_tools.js",5,2,2
"/img/logo.png",5,2,2
"/imprint.php",1,1,1
"/~achernii/js/auth_tools.js",246,2,3
"/~achernii/imprint.php",10,1,2
"/~achernii/queries.php",24,2,2
"/~achernii/query/threads_by_category.php",3,1,1
"/~achernii/signin.php",45,2,3
"/~achernii/query/feedback.php",4,1,2
"/~achernii/query/reported_posts.php",3,1,1
"/~achernii/query/entity_description.php",2,1,2
"/~achernii/add/moderator.php",2,1,1
"/~naliyev/bookreviews_input_site/signin_process.php",4,1,1
"/~achernii/signup.php",11,1,2
"/~achernii/add/user.php",1,1,1
"/~achernii/add/reaction.php",1,1,1
"/~achernii/add/targets.php",1,1,1
"/~kkonark",1,1,1
"/~kkonark/HW4/index.html",2,2,2
"/~kkonark/HW4/style.css",2,2,2
"/~kkonark/HW5/maintenance.php",4,2,2
"/~kkonark/HW5/style.css",1,1,1
"/~ntaha/input/seat.php",1,1,1
"/~anmata/",20,3,6
"/~anmata/test_logger.php",17,3,6
"/~anmata/logs/analyze_logs.php",14,2,2
"/categories/add",3,1,1
"/products/add",2,1,1
"/~rcozmolici/index.html",1,1,1
"/~rcozmolici/login.html",1,1,1
"/~iDzneladze",1,1,1
"/~iDzneladze/",1,1,1
"/~rjashari/",1,1,1
"/~rjashari/db_connection.py",1,1,1
"/~malgatay",1,1,1
"/~malgatay/",7,2,1
"/~azinovev//",1,1,1
"/~azinovev//css/style.css",1,1,1
"/~azinovev//img/fittrack-pro-logo.svg",1,1,1
"/~lmoldovan/",1,1,1
"/~lmoldovan/The-flask-app/templates/",1,1,1
"/static/style.css",1,1,1
"/static/campus_logo.png",1,1,1
"/maintenance",2,1,1
"/~sbugniht/",1,1,1
"/~malgatay/style.css",27,3,1
"/~malgatay/imprint.html",11,3,1
"/~malgatay/index.html",22,3,1
"/~malgatay/maintenance.html",26,3,1
"/~malgatay/input_event.php",6,2,1
"/~malgatay/input_users.php",11,2,1
"/~malgatay/post_search.html",1,1,1
"/~malgatay/event_search.html",5,1,1
"/~malgatay/event_search.php",31,3,1
"/~malgatay/test_db.php",1,1,1
"/~malgatay/event_results.php",8,1,1
"/~malgatay/post_search.php",15,3,1
"/~malgatay/post_results.php",5,1,1
"/~malgatay/input_posts.php",8,2,1
"/~malgatay/input_category.php",6,1,1
"/~malgatay/input_posttype.php",4,2,1
"/~malgatay/input_event_category.php",2,1,1
"/~malgatay/rsvp_search.php",11,2,1
"/~malgatay/input_rsvpstatus.php",1,1,1
"/~malgatay/user_search.php",2,1,1
"/~malgatay/user_results.php",1,1,1
"/~malgatay/user_detail.php",1,1,1
"/~malgatay/list_roles.php",3,1,1
"/~malgatay/list_users.php",3,1,1
"/~malgatay/rsvp_detail.php",3,1,1
"/~malgatay/rsvp_results.php",1,1,1
"/~malgatay/input_user.php",2,2,1
"/~eyavuz/api/search.php",40,2,1
"/~eyavuz/index.html",8,2,1
"/~eyavuz/imprint.html",1,1,1
"/~eyavuz/style.css",2,2,1
"/~eyavuz/maintenance.html",1,1,1
"/~eyavuz/player.html",17,1,1
"/~eyavuz/api/player.php",19,1,1
"/~tkazim/",1,1,1
"/~sgasimova/",1,1,1
"/~nakhoga/",1,1,1
"/~acherni",1,1,1
"/~ycao/wasin_access_log.txt",2,1,2
"/~ycao/wasin_error_log.txt",2,1,2
"/~malgatay/about.html",3,1,1
"/~nakbogha/",1,1,1
"/~abanskota",1,1,1
"/~abanskota/",3,1,1
"/~abanskota/style.css",3,1,1
"/HW4/img/UACS_logo.png",4,1,1
"/~hessahli/input_category.html",1,1,1
"/~hessahli/input_listing.html",1,1,1
"/~hessahli/input_housing_listing.html",1,1,1
"/~hessahli/input_sales_listing.html",1,1,1
"/~hessahli/input_contact.html",1,1,1
"/~hessahli/maintenance.html",1,1,1
"/~hessahli/hw08/parse_logs.php",4,1,1
"/~myolchiyev/",26,1,1
"/~abanskota/imprint.html",1,1,1
"/~abanskota/img/UACS_logo.png",1,1,1
"/HW5/maintenance.html",3,1,1
"/~abanskota/index.html",1,1,1
"/HW6/index.html",1,1,1
"/HW5/insert_request.html",1,1,1
"/~naliyev/bookreviews_input_site/abc123.php",1,1,1
"/~myolchiyev/portal_style.css",19,1,1
"/~myolchiyev/HW4/img/UACS_logo.png",19,1,1
"/~myolchiyev/HW6/index.html",1,1,1
"/~myolchiyev/HW5/maintenance.html",1,1,1
"/~naliyev/log_stats.php",7,1,1
"/~naliyev/page_stats.csv",4,1,1
"/~naliyev/access_timeline.csv",1,1,1
"/~naliyev/error_timeline.csv",1,1,1
"/~naliyev/error_types.csv",1,1,1
"/~achernii/signin_page.php",18,1,2
"/~achernii/logger/logger.php",2,1,1
"/~naliyev/bookreviews_input_site/page_stats.csv",1,1,1
"/~achernii/query/most_liked_threads.php",1,1,1
"/~achernii/add/thread.php",1,1,1
"/~achernii/add/feedback.php",1,1,1
"/~naliyev/bookreviews_input_site/error_types.csv",1,1,1
